mode,gap_ms,repetition,ttft_ms,actual_signal_to_arrival_ms,restore_io_ms,restore_hidden_ms,restored_tokens,restored_bytes,backend_read_pages,duplicate_backend_read_pages,published_before_arrival,host_evicted_tokens,output_correct
A,100,1,565.421793,100.085716,0,0,0,0,0,0,False,0,True
A,500,1,588.730329,500.093101,0,0,0,0,0,0,False,0,True
A,500,2,567.705526,500.08448,0,0,0,0,0,0,False,0,True
B,1000,0,502.398778,1000.088071,229.81775,0.0,4080,116981760,255,0,False,0,True
C,500,1,162.367999,500.116076,200.581725,200.581725,4080,116981760,255,0,True,0,True
A,1000,0,645.233591,1000.110519,0,0,0,0,0,0,False,0,True
B,3000,1,508.377547,3000.088045,232.408304,0.0,4080,116981760,255,0,False,0,True
C,0,2,482.803906,7.8559,230.672046,0.0,4080,116981760,255,0,False,0,True
A,3000,0,564.278728,3000.088429,0,0,0,0,0,0,False,0,True
A,100,0,568.699872,100.084554,0,0,0,0,0,0,False,0,True
A,100,2,569.103507,100.092509,0,0,0,0,0,0,False,0,True
B,100,0,504.80095,100.126201,227.850783,0.0,4080,116981760,255,0,False,0,True
C,3000,2,163.510606,3000.091796,200.242699,200.242699,4080,116981760,255,0,True,0,True
A,1000,1,568.232848,1000.183986,0,0,0,0,0,0,False,0,True
C,1000,0,164.323555,1000.088083,204.451627,204.451627,4080,116981760,255,0,True,0,True
B,0,2,501.233905,0.091248,231.501599,0.0,4080,116981760,255,0,False,0,True
C,1000,1,171.677089,1000.084968,202.345109,202.345109,4080,116981760,255,0,True,0,True
C,500,2,165.711372,500.084382,204.30949,204.30949,4080,116981760,255,0,True,0,True
A,1000,2,567.471461,1000.115793,0,0,0,0,0,0,False,0,True
C,3000,1,162.90293,3000.136851,200.123416,200.123416,4080,116981760,255,0,True,0,True
B,3000,0,507.611808,3000.085775,231.568105,0.0,4080,116981760,255,0,False,0,True
B,1000,1,625.667945,1000.110147,236.873043,0.0,4080,116981760,255,0,False,0,True
C,100,1,438.396661,100.087153,283.758798,0.0,4080,116981760,255,0,False,0,True
B,500,1,499.516006,500.098302,227.563604,0.0,4080,116981760,255,0,False,0,True
A,0,2,623.776153,0.034267,0,0,0,0,0,0,False,0,True
C,1000,2,166.49186,1000.133868,198.755917,198.755917,4080,116981760,255,0,True,0,True
A,0,0,566.304562,0.080225,0,0,0,0,0,0,False,0,True
B,100,1,516.571645,100.124409,239.637488,0.0,4080,116981760,255,0,False,0,True
B,0,1,501.537779,0.078875,228.579752,0.0,4080,116981760,255,0,False,0,True
B,3000,2,613.349747,3000.084872,246.014795,0.0,4080,116981760,255,0,False,0,True
B,500,2,543.139705,500.090563,266.730195,0.0,4080,116981760,255,0,False,0,True
C,100,2,375.902193,100.099578,224.889137,0.0,4080,116981760,255,0,False,0,True
A,3000,2,573.479047,3000.11027,0,0,0,0,0,0,False,0,True
C,0,0,490.001004,8.136852,230.054771,0.0,4080,116981760,255,0,False,0,True
A,3000,1,571.270248,3000.09917,0,0,0,0,0,0,False,0,True
C,100,0,477.339276,100.087253,230.209221,0.0,4080,116981760,255,0,False,0,True
B,100,2,513.58262,100.092392,234.980382,0.0,4080,116981760,255,0,False,0,True
A,500,0,576.795476,500.128072,0,0,0,0,0,0,False,0,True
C,500,0,169.417982,500.185873,200.047251,200.047251,4080,116981760,255,0,True,0,True
C,3000,0,162.123659,3000.101639,199.693625,199.693625,4080,116981760,255,0,True,0,True
A,0,1,572.017355,0.091818,0,0,0,0,0,0,False,0,True
C,0,1,580.263692,7.761536,230.748879,0.0,4080,116981760,255,0,False,0,True
B,0,0,506.58767,0.104689,229.975492,0.0,4080,116981760,255,0,False,0,True
B,500,0,528.487359,500.099435,254.796218,0.0,4080,116981760,255,0,False,0,True
B,1000,2,582.191394,1000.089906,223.54754,0.0,4080,116981760,255,0,False,0,True
